Measurement,Mean,Variance
5cm,4.909999999999999,5.2335666666666665
10cm,9.553333333333333,3.471155555555555
15cm,14.346666666666668,2.9838222222222224
